Pair ID,Task ID,Intent Family,Scenario,Task Goal,Task Demands,Sandbox setup and starting the state,Correct Outcome,Coder 1 Difficulty,Coder 2 Difficulty,Agreed Difficulty,,,,,UI
P01,"=""P""&TEXT(ROUNDUP((ROW()-ROW($B$2)+1)/2,0),""00"")&IF(MOD(ROW()-ROW($B$2),2)=0,""-M"",""-S"")",Find,Sam is helping organize a community lunch and has sent you a flyer.,Find the community lunch flyer Sam sent you.,1. Locate Sam’s conversation by browsing or searching the conversation list. 2. Open Sam’s conversation. 3. Browse the messages to locate the community lunch flyer. 4. Open the flyer to view it. ,The conversation list is open. Sam’s chat contains the flyer among other messages.,Locate and display Sam’s lunch flyer. No sharing is required.,,,,,,,,"Create a contact named Sam and a group chat named Oak Street Neighbors, containing the participant, some random neighbors with random replies (👌, 👍, I'll join, nice, etc.).  Lee, and Pat. Sam is not a member of this group. In Sam’s private conversation, display an incoming message containing the community lunch flyer. The participant must be able to forward the flyer to Oak Street Neighbors."
,"=""P""&TEXT(ROUNDUP((ROW()-ROW($B$2)+1)/2,0),""00"")&IF(MOD(ROW()-ROW($B$2),2)=0,""-M"",""-S"")",,Sam is helping organize a community lunch and has posted a flyer. You previously saw Sam’s community lunch flyer in your feed. You want to find it again.,Find the community lunch flyer Sam posted. You do not need to share it.,1. Locate Sam’s profile using the app’s search feature. 2. Open Sam’s profile. 3. Browse Sam’s posts to locate the community lunch flyer. ,"Start on the participant’s feed, where the flyer is not currently visible. Sam’s profile is accessible through search and contains the lunch flyer among several other posts.",The participant locates and displays the community lunch flyer on Sam’s profile.,,,,,,,,"Create a profile named Sam and a Facebook-style group named Oak Street Neighbors, containing the participant, some members, Lee, and Pat. Display a public, shareable post by Sam in the participant’s feed, containing the community lunch flyer. Show Sam’s name, a profile picture, and a Share control. Allow sharing to the existing Oak Street Neighbors group."
P02,"=""P""&TEXT(ROUNDUP((ROW()-ROW($B$2)+1)/2,0),""00"")&IF(MOD(ROW()-ROW($B$2),2)=0,""-M"",""-S"")",Understand,"You have shared Sam’s community lunch flyer in the Oak Street Neighbors group chat. Lee asks about the building’s entrances, and Pat replies.",Read the group discussion. Which entrance does Pat recommend to Lee?,1. Read Lee’s question in the Oak Street Neighbors group chat. 2. Identify the two entrances Lee mentions: Oak Street and beside the parking lot. 3. Read Pat’s reply recommending “the second one.” 4. Connect “the second one” to the entrance beside the parking lot. 5. State which entrance Pat recommends. No message is required.,"In the Oak Street Neighbors group chat, the flyer appears as an earlier message sent by the participant’s account. Lee’s question and Pat’s reply are visible below it.",Identify the entrance beside the parking lot. No message is required.,,,,,,,,"Lee: “I’m bringing my father, who uses a walker. There’s an entrance on Oak Street and another beside the parking lot. Which would be easier for us?”
Pat: “The second one has a ramp and a step-free path to the lunch room. I’d use that one.”"
,"=""P""&TEXT(ROUNDUP((ROW()-ROW($B$2)+1)/2,0),""00"")&IF(MOD(ROW()-ROW($B$2),2)=0,""-M"",""-S"")",,"You have shared Sam’s community lunch post in the Oak Street Neighbors Group. Lee asks about the building’s entrances in the comments under your shared post, and Pat replies.",Read the comments under your shared post. Which entrance does Pat recommend to Lee?,1. Neighbors group chat.Read Lee’s question in the comments under the shared lunch post in Oak Street Neighbors. 2. dentify the two entrances Lee mentions: Oak Street and beside the parking lot. 3. Read Pat’s reply recommending “the second one.” 4. Connect “the second one” to the entrance beside the parking lot. 5. State which entrance Pat recommends. No comment is required.,"The Oak Street Neighbors group’s feed displays the participant’s shared copy of Sam’s post. Its comments are open, showing Lee’s question and Pat’s reply.",Identify the entrance beside the parking lot. No comment is required.,,,,,,,,"In the Oak Street Neighbors group chat, display a message from Pat below the previously shared community lunch flyer: “Who’s planning to come to the lunch? Please let us know if you’re bringing anyone.”"
P03,"=""P""&TEXT(ROUNDUP((ROW()-ROW($B$2)+1)/2,0),""00"")&IF(MOD(ROW()-ROW($B$2),2)=0,""-M"",""-S"")",Respond,You have shared Sam’s community lunch flyer in Oak Street Neighbors group chat. Pat asks who plans to attend.,"Reply to Pat in the group chat, saying that you will attend with one guest.",1. Read Pat’s message asking who will attend the lunch and whether they are bringing anyone. 2.Select the reply option for Pat’s message. 3. Compose a reply stating that you will attend with one guest. 4. Send the reply in Oak Street Neighbors. 5. Check that your reply appears and correctly communicates attendance with one guest.,Open Oak Street Neighbors. Preload the shared flyer and Pat’s message: “Who’s planning to come to the lunch? Please let us know if you’re bringing anyone.” Show the message input and support replying directly to Pat’s message.,A reply to Pat’s message states that the participant will attend with one guest. Equivalent wording is acceptable.,,,,,,,,"In Oak Street Neighbors, add this message from Pat after the shared lunch flyer: “Who’s planning to come to the lunch? Please let us know if you’re bringing anyone.”"
,"=""P""&TEXT(ROUNDUP((ROW()-ROW($B$2)+1)/2,0),""00"")&IF(MOD(ROW()-ROW($B$2),2)=0,""-M"",""-S"")",,You have shared Sam’s community lunch post in the Oak Street Neighbors group. Pat asks who plans to attend in the comments.,"Reply to Pat’s comment, saying that you will attend with one guest.",1. Read Pat’s comment asking who will attend the lunch and whether they are bringing anyone. 2. Select the reply option under Pat’s comment. 3. Compose a reply stating that you will attend with one guest. 4. Post the reply under Pat’s comment. 5. Check that your reply appears under Pat’s comment and correctly communicates attendance with one guest.,Open the participant’s shared lunch post in Oak Street Neighbors. Preload Pat’s comment: “Who’s planning to come to the lunch? Please let us know if you’re bringing anyone.” Expand the comments and support replying directly to Pat.,A reply to Pat’s comment states that the participant will attend with one guest. Equivalent wording is acceptable.,,,,,,,,"In the Oak Street Neighbors group, display a comment from Pat under the participant’s previously shared community lunch post: “Who’s planning to come to the lunch? Please let us know if you’re bringing anyone.”"
P04,"=""P""&TEXT(ROUNDUP((ROW()-ROW($B$2)+1)/2,0),""00"")&IF(MOD(ROW()-ROW($B$2),2)=0,""-M"",""-S"")",Share,"Sam is helping organize a community lunch. He sent you the flyer, and you belong to the Oak Street Neighbors group chat.",Share the lunch flyer Sam sent you with the Oak Street Neighbors group chat only.,1. Identify the community lunch flyer in Sam’s open conversation. 2. Select the flyer’s forward or share option. 3. Choose Oak Street Neighbors as the destination group chat. 4. Check that the correct flyer and only the intended group are selected. 5. Send the flyer. 6. Check that the flyer appears in Oak Street Neighbors.,"Sam’s conversation already exists, with the clearly labeled flyer visible. The Oak Street Neighbors group already exists.","The flyer is sent to the intended group chat, with no other destinations.",,,,,,,,
,"=""P""&TEXT(ROUNDUP((ROW()-ROW($B$2)+1)/2,0),""00"")&IF(MOD(ROW()-ROW($B$2),2)=0,""-M"",""-S"")",,"Sam is helping organize a community lunch. He posted the flyer, and you belong to the Oak Street Neighbors Facebook Group.",Share Sam’s lunch post in the Oak Street Neighbors group only.,1. Identify Sam’s community lunch post in the feed. 2. Select the post’s share option. 3. Choose Oak Street Neighbors as the destination social-media group. 4. Check that the correct post and only the intended group are selected. 5. Publish the shared post in the group. 6. Check that the shared post appears in Oak Street Neighbors.,"Sam’s public, shareable post is open, with the flyer visible.","Sam’s post is shared in the intended Facebook Group, with no other destinations.",,,,,,,,
P05,"=""P""&TEXT(ROUNDUP((ROW()-ROW($B$2)+1)/2,0),""00"")&IF(MOD(ROW()-ROW($B$2),2)=0,""-M"",""-S"")",Find,"During a conversation, Maria sends you several soup recipes. You noticed the mushroom soup recipe but continued chatting. Now you want to return to it.",Locate a recipe earlier in the conversation.,Search within Maria’s conversation or scroll through earlier messages; identify and display the mushroom soup recipe.,"Maria’s conversation is open at its latest messages. Earlier messages contain separately labeled lentil Soup, mushroom Soup, and Vegetable Soup recipes, mixed with everyday conversation. The recipes are not initially visible. Support scrolling and searching message text.",Display the mushroom soup recipe. Searching or scrolling is acceptable.,,,,,,,,
,"=""P""&TEXT(ROUNDUP((ROW()-ROW($B$2)+1)/2,0),""00"")&IF(MOD(ROW()-ROW($B$2),2)=0,""-M"",""-S"")",,"During a direct-message conversation, Maria sent you several soup recipes. You noticed the mushroom soup recipe but continued chatting. Now you want to return to it.",Locate a recipe earlier in a direct-message conversation.,Search within Maria’s direct-message conversation or scroll through earlier messages; identify and display the mushroom soup recipe.,"Maria’s direct-message conversation is open at its latest messages. Earlier messages contain separately labeled lentil Soup, mushroom Soup, and Vegetable Soup recipes, mixed with everyday conversation. The recipes are not initially visible. Support scrolling and searching message text.",Display the mushroom soup recipe. Searching or scrolling is acceptable.,,,,,,,,
P06,"=""P""&TEXT(ROUNDUP((ROW()-ROW($B$2)+1)/2,0),""00"")&IF(MOD(ROW()-ROW($B$2),2)=0,""-M"",""-S"")",Understand,"In the middle of a conversation with Maria, she sent you several soup recipes. You like one of them but there is milk in it and you're allergic to it and she recommends one of the other recepies she shared with you.",Connect a later description to an earlier recipe.,Read Maria’s recommendation; inspect the earlier recipes; match her description to a recipe; state its name.,"Open Maria’s conversation at her message: “You could try the the first recipe. You don't need milk for that.” Preload the participant’s message about Milk allergy. Earlier recipe messages list Lentil Soup, mushroom Soup using milk, and Vegetable Soup using fresh vegetables. ",Identify the first recepie(lentil soup) with out sending a mssage.,,,,,,,,
,"=""P""&TEXT(ROUNDUP((ROW()-ROW($B$2)+1)/2,0),""00"")&IF(MOD(ROW()-ROW($B$2),2)=0,""-M"",""-S"")",,"In the middle of a conversation with Maria, she sent you several soup recipes. You like one of them but there is milk in it and you're allergic to it and she recommends one of the other recepies she shared with you.",Connect a later description to an earlier recipe.,Read Maria’s recommendation; inspect the earlier recipes; match her description to a recipe; state its name.,"Open Maria’s conversation at her message: “You could try the the first recipe. You don't need milk for that.” Preload the participant’s message about Milk allergy. Earlier recipe messages list Lentil Soup, mushroom Soup using milk, and Vegetable Soup using fresh vegetables. ",Identify the first recepie(lentil soup) with out sending a mssage.,,,,,,,,
P07,"=""P""&TEXT(ROUNDUP((ROW()-ROW($B$2)+1)/2,0),""00"")&IF(MOD(ROW()-ROW($B$2),2)=0,""-M"",""-S"")",Respond,"Maria sent you several recipes during your conversation, and you continued chatting afterward. The mushroom soup recipe caught your interest, but the you see it contains milk, which you are allergic to. You want to ask Maria whether you can make it without milk.",Replying to a message.,reply to mushroom recepie and explain the milk allergy and ask whether milk can be omitted from mushroom recepie.,"Open Maria’s conversation at the latest messages. Earlier messages contain separately labeled lentil, mushroom, and tomato soup recipes, followed by everyday conversation. The mushroom soup recipe lists milk as an ingredient. Support replying to individual messages.",Send a reply linked to the mushroom soup recipe that mentions the milk allergy and asks whether the recipe can be made without milk.,,,,,,,,
,"=""P""&TEXT(ROUNDUP((ROW()-ROW($B$2)+1)/2,0),""00"")&IF(MOD(ROW()-ROW($B$2),2)=0,""-M"",""-S"")",,"Maria sent you several recipes during your conversation, and you continued chatting afterward. The mushroom soup recipe caught your interest, but the you see it contains milk, which you are allergic to. You want to ask Maria whether you can make it without milk.",Replying to a message.,reply to mushroom recepie and explain the milk allergy and ask whether milk can be omitted from mushroom recepie.,"Open Maria’s conversation at the latest messages. Earlier messages contain separately labeled lentil, mushroom, and tomato soup recipes, followed by everyday conversation. The mushroom soup recipe lists milk as an ingredient. Support replying to individual messages.",Send a reply linked to the mushroom soup recipe that mentions the milk allergy and asks whether the recipe can be made without milk.,,,,,,,,
P08,"=""P""&TEXT(ROUNDUP((ROW()-ROW($B$2)+1)/2,0),""00"")&IF(MOD(ROW()-ROW($B$2),2)=0,""-M"",""-S"")",Share,"You decided to make the lentil soup Maria sent you today for dinner with your husband, David. You want to send him the recipe so he can buy the ingredients.",Send the selected recipe to the intended person.,"1. Identify the lentil soup recipe.
2. Forward it or copy its text.
3. Select David’s conversation and send the recipe.
4. Verify the content and recipient.",Open Maria’s conversation with her complete lentil soup recipe visible as a text message among other recipes. David’s conversation exists alongside other contacts. Support forwarding and copying message text. The recipe has not been sent to David.,"Deliver the complete lentil soup recipe to David only, without other recipes or recipients.",,,,,,,,
,"=""P""&TEXT(ROUNDUP((ROW()-ROW($B$2)+1)/2,0),""00"")&IF(MOD(ROW()-ROW($B$2),2)=0,""-M"",""-S"")",,"You decided to make the lentil soup Maria sent you today for dinner with your husband, David. You want to send him the recipe so he can buy the ingredients.",Send the selected recipe to the intended person.,"1. Identify the lentil soup recipe.
2. Copy the recipe text.
3. Open David’s direct-message conversation.
4. Paste and send the recipe.
5. Verify the content and recipient.","Open Maria’s direct-message conversation with the same complete lentil soup recipe visible as a text message among other recipes. David’s direct-message conversation exists alongside other contacts. For this proposed sandbox version, support copying and pasting message text; omit forwarding. The recipe has not been sent to David.","Deliver the complete lentil soup recipe to David only through direct messages, without other recipes or recipients.",,,,,,,,
P09,"=""P""&TEXT(ROUNDUP((ROW()-ROW($B$2)+1)/2,0),""00"")&IF(MOD(ROW()-ROW($B$2),2)=0,""-M"",""-S"")",Find,"Your daughter Anna just sent a photo of her son, Noah, celebrating something at kindergarten in the Family group chat that everyone in the group is replying to it.",Locate a particular photo shared by a known person.,Locate and open Family; Find the photo that everybody's talking about.,Start at the conversation list. Family contains Anna’s photo with the caption “Noah celebrating with his class today!”  and later replies to this message. The briefing identifies Anna as the participant’s daughter and Noah as her son.,Locate and open Anna’s kindergarten celebration photo of Noah. No message or sharing is required.,,,,,,,,
,"=""P""&TEXT(ROUNDUP((ROW()-ROW($B$2)+1)/2,0),""00"")&IF(MOD(ROW()-ROW($B$2),2)=0,""-M"",""-S"")",,"Your daughter Anna just posted a photo of her son, Noah, celebrating something at kindergarten.",	Locate a particular photo posted by a known person.,Find the kindergarten celebration photo Anna posted of Noah.,Start at the main feed. Anna’s post shows up in the feed as the first post.  Contains photo and caption. ,Locate and open Anna’s kindergarten celebration photo of Noah. No comment or sharing is required.,,,,,,,,
P10,"=""P""&TEXT(ROUNDUP((ROW()-ROW($B$2)+1)/2,0),""00"")&IF(MOD(ROW()-ROW($B$2),2)=0,""-M"",""-S"")",Understand,Anna is your daughter and she shared a photo of her son Noah celebrating at kindergarten. You previously asked what was the occasion and she has replied.,Interpret an explanation to identify the occasion shown in a photo.,Read the existing question and Anna’s reply; connect her explanation to the photo; state the occasion.,Open Family with the photo and a preloaded exchange visible. Participant: “What’s the celebration for?” Anna: “They’ve reached their hundredth day of school! Everyone made a crown with 100 decorations.” The caption does not name the event.,Explain that the class is celebrating its 100th day of school. Equivalent wording is acceptable.,,,,,,,,
,"=""P""&TEXT(ROUNDUP((ROW()-ROW($B$2)+1)/2,0),""00"")&IF(MOD(ROW()-ROW($B$2),2)=0,""-M"",""-S"")",,"Anna is your daughter and she posted a photo of her son Noah celebrating at kindergarten. You previously asked in the comments what the occasion was, and she has replied. You have received a notification that Anna replied.",Locate the reply and interpret an explanation to identify the occasion shown in a photo.,find Anna’s reply in notification center and  connect her explanation to the photo; state the occasion.,Start at the main feed with an unread-notification indicator. The notifications list includes “Anna replied to your comment” among several unrelated notifications. Selecting it opens Anna’s kindergarten photo post at the preloaded exchange: Participant: “What’s the celebration for?” Anna: “They’ve reached their hundredth day of school! Everyone made a crown with 100 decorations.”,Open Anna’s reply through the notification and identify the celebration as the class’s 100th day of school. No new comment is required.,,,,,,,,
P11,"=""P""&TEXT(ROUNDUP((ROW()-ROW($B$2)+1)/2,0),""00"")&IF(MOD(ROW()-ROW($B$2),2)=0,""-M"",""-S"")",Respond,"Your daughter Anna shared a photo of Noah celebrating with his kindergarten class in Family. Her caption does not explain the occasion, and you want to ask her about it.",Ask for missing context about a specific photo.,Identify the photo message; select its reply option; compose the question; send it; verify that it is linked to the photo.,Open Family with Anna’s photo and “Noah celebrating with his class today!” visible. No message explains the occasion. The photo shows a celebration but does not contain a readable event name. Support replying to the photo message.,Send a reply linked to Anna’s photo asking about the occasion. Equivalent wording is acceptable.,,,,,,,,
,"=""P""&TEXT(ROUNDUP((ROW()-ROW($B$2)+1)/2,0),""00"")&IF(MOD(ROW()-ROW($B$2),2)=0,""-M"",""-S"")",,"Your daughter Anna posted a photo of Noah celebrating with his kindergarten class. Her caption does not explain the occasion, and you want to ask her about it.",Ask for missing context about a specific photo.,Identify the photo post; open the comment field; compose the question; post it; verify that it appears under the photo.,Open Anna’s photo post with the same caption. No comment explains the occasion. Use the same photo. The comment field is available.,Add a comment under Anna’s photo asking about the occasion. Equivalent wording is acceptable.,,,,,,,,
